fiber_content,aspect_ratio,tensile_strength,fiber_type_enc,fiber_material_enc,cube_strength_mpa,strength_grade_enc,concrete_type_enc,binder_content,cement_content,fly_ash,slag_grade_enc,slag_powder,mixing_water,w_b_ratio,sand_type_enc,sand_content,sand_ratio,stone_content,admixture_enc,admixture_dosage,curing_days,temperature,humidity,casting_method_enc,fiber_content_x_aspect_ratio,crack_width,crack_density,cracking_risk,source_doi,source_group,source_table,source_figure,source_paper_title,test_method,specimen_size,crack_width_definition_id,crack_density_definition_id,source_quality_score,sample_weight,data_tier,needs_manual_review,literature_key,table_or_figure_ref,peer_reviewed
2.171007404476179,92.35547436149672,1890.594896409381,0.0,0.0,75.0,12.0,0.0,516.5448496854674,428.1830160750278,5.3010123532993525,2.0,43.10763576379383,189.1709623260668,0.3817566218857394,0.0,881.2955682874374,30.31174694853033,1066.6014393725943,2.0,7.446708500641735,62.0,20.68756306499081,59.41557353227067,1.0,200.5044186827193,0.02,1.0904828882592883,0,USER_LOCAL_LAB,USER_LOCAL_LAB/DEFAULT,,,,,,CW_MAX_SURFACE_MM,,,,,,,,
1.6777405153578313,92.54126477885043,1215.2835334610354,1.0,3.0,45.0,6.0,1.0,484.52546690920457,408.2431232169418,48.1517957023336,2.0,3.589888600735891,159.27631965301887,0.3435257053393924,1.0,829.8627028122323,49.90071390775946,1209.8630786283957,2.0,3.836503922572608,68.0,14.28247096393981,43.16729596849459,1.0,155.26022926193406,0.0753353489645491,0.6575505965352035,2,USER_LOCAL_LAB,USER_LOCAL_LAB/DEFAULT,,,,,,CW_MAX_SURFACE_MM,,,,,,,,
1.913090266202972,66.32008522705144,541.2306161764368,2.0,2.0,80.0,13.0,2.0,436.8843419175794,308.9606878545408,38.87240027251634,2.0,53.46007512892753,168.6656737408725,0.4176612496818016,1.0,917.0507779391462,43.00575167614984,1224.5996248430554,0.0,0.346597330482464,31.0,18.74572542356136,53.731653814387855,0.0,126.87630950162362,0.0797936124481979,1.6128871762101582,0,USER_LOCAL_LAB,USER_LOCAL_LAB/DEFAULT,,,,,,CW_MAX_SURFACE_MM,,,,,,,,
2.412497143540064,52.11503362815552,2022.7565923046632,0.0,1.0,65.0,10.0,3.0,789.4797199687324,539.9436305823051,113.83745984551692,2.0,99.35429967868474,307.95132471866714,0.3634081822634475,0.0,751.3089721750077,40.19903575901413,1221.006159577289,2.0,2.812746984858482,12.0,19.87859211973073,79.26443861781573,1.0,125.72736976341956,0.0680626676996339,0.939309869984678,0,USER_LOCAL_LAB,USER_LOCAL_LAB/DEFAULT,,,,,,CW_MAX_SURFACE_MM,,,,,,,,
2.086795800001477,84.04087024776916,2572.115430596092,0.0,1.0,60.0,9.0,3.0,522.5027981617492,325.7506710325397,69.22331501971115,2.0,95.87075259719342,165.912988015822,0.3072119668554727,0.0,797.5984587684145,32.351799077234894,1087.4997793531604,0.0,0.2236595235926358,27.0,35.77941067206898,44.30516816481472,1.0,175.3761350615138,0.02,0.7671597127997685,1,USER_LOCAL_LAB,USER_LOCAL_LAB/DEFAULT,,,,,,CW_MAX_SURFACE_MM,,,,,,,,
1.8839485016449893,76.31628842174328,1740.478984949625,0.0,3.0,75.0,12.0,0.0,429.4898677067195,310.26977332621175,96.74291585336702,1.0,4.039922884216319,168.36084266134498,0.3836800088313721,0.0,668.8929012096542,52.24141054188493,1056.1100751394968,2.0,7.950028660609615,73.0,14.461933968467369,36.55080617368609,1.0,143.77595722325012,0.0202120868946195,0.9987262433199888,0,USER_LOCAL_LAB,USER_LOCAL_LAB/DEFAULT,,,,,,CW_MAX_SURFACE_MM,,,,,,,,
1.898017901863534,56.15604102115971,1339.125294540495,0.0,0.0,50.0,7.0,2.0,455.78345649516166,361.5166528762346,20.44094323902226,1.0,70.57970036294881,186.98070982492817,0.394826535018034,0.0,901.1128158797572,39.87518100101392,1197.110857290128,1.0,2.934205068608456,82.0,36.28100950506952,92.16201307592856,0.0,106.5851711559441,0.1060829624580206,0.7838949538135024,0,USER_LOCAL_LAB,USER_LOCAL_LAB/DEFAULT,,,,,,CW_MAX_SURFACE_MM,,,,,,,,
1.2598752451565305,36.61266676430607,587.8034720566995,0.0,2.0,65.0,10.0,0.0,464.6274146349467,316.3826084795956,117.43609726805266,1.0,30.17648666969308,161.16261949840083,0.3451185736408422,0.0,691.8807758803531,47.06453995523051,1214.4585131680983,0.0,0.0713512195653403,85.0,19.908983768449723,83.49472447060818,1.0,46.12739251551447,0.1374651978228264,1.5430938985529463,2,USER_LOCAL_LAB,USER_LOCAL_LAB/DEFAULT,,,,,,CW_MAX_SURFACE_MM,,,,,,,,
0.5770445864198486,82.27527279443183,1173.0486445011843,2.0,0.0,30.0,3.0,2.0,583.0031469000292,413.7794606029406,59.83674562515782,1.0,90.29891534061368,240.72713780854565,0.4144915866244231,0.0,825.8638565671863,33.73435390920377,1112.114957309151,1.0,8.404844649678578,21.0,16.47327022428951,43.98564514606928,0.0,47.476500762243134,0.1232015071468482,0.9243083116408184,2,USER_LOCAL_LAB,USER_LOCAL_LAB/DEFAULT,,,,,,CW_MAX_SURFACE_MM,,,,,,,,
1.591793473080906,48.372236114600526,995.6757753355396,1.0,0.0,80.0,13.0,1.0,512.5466553790682,429.0219503142781,59.240649152477495,2.0,4.511474570927854,210.0509600169582,0.4131543800863841,1.0,705.1304734828695,54.03874073852582,1244.70023644698,0.0,0.2914929691315293,55.0,22.587921726730112,50.46180804009941,1.0,76.9986097255496,0.048000293468316,0.3219776198513087,0,USER_LOCAL_LAB,USER_LOCAL_LAB/DEFAULT,,,,,,CW_MAX_SURFACE_MM,,,,,,,,
1.036461682048823,95.57692053736454,515.0447733106856,2.0,2.0,55.0,8.0,1.0,604.5305603982614,378.142487257146,116.50616742548854,1.0,93.58741020110806,272.2179076313951,0.4404004362220742,0.0,762.2548148226797,34.461044045545776,997.4898697059242,2.0,1.663017180255058,14.0,19.62101502269939,98.044912399162,0.0,99.06181582520357,0.185534719816363,1.6338661306004707,2,USER_LOCAL_LAB,USER_LOCAL_LAB/DEFAULT,,,,,,CW_MAX_SURFACE_MM,,,,,,,,
1.5213216093115904,46.867940250397936,1667.022989751816,2.0,3.0,65.0,10.0,2.0,464.9022724202112,312.7401206437215,45.68788334605741,1.0,83.74757437877768,190.1798489957708,0.429589696440242,0.0,819.1217126077566,34.98854982248726,1240.0926972874568,0.0,0.1539331648681633,64.0,14.008030956930112,79.57291407313821,0.0,71.30121028685485,0.02,1.3624369717697544,1,USER_LOCAL_LAB,USER_LOCAL_LAB/DEFAULT,,,,,,CW_MAX_SURFACE_MM,,,,,,,,
2.633507683170415,38.59305526880402,404.6564732379932,2.0,2.0,45.0,6.0,1.0,409.4400413663431,327.90009206230667,47.70300294659916,0.0,11.750438225260153,187.20223616364024,0.4304866113042063,1.0,743.2162946304875,51.47457151394285,981.7114268807208,0.0,0.3449673855292027,38.0,22.593776367862343,72.73654029496774,1.0,101.63510756741586,0.0519144181260592,1.207877870654048,0,USER_LOCAL_LAB,USER_LOCAL_LAB/DEFAULT,,,,,,CW_MAX_SURFACE_MM,,,,,,,,
1.084848714663352,88.17788704874343,1588.0188961842048,0.0,3.0,75.0,12.0,3.0,505.7433742071121,396.126094497482,70.1703243365924,2.0,5.98243373172992,192.87106219872047,0.3632428303648086,1.0,886.551077687423,52.81456860354828,1000.6634222780226,1.0,1.5343335802494331,65.0,10.313060657759095,51.53399397968913,1.0,95.65966742655954,0.1008440095275466,1.430617228401139,1,USER_LOCAL_LAB,USER_LOCAL_LAB/DEFAULT,,,,,,CW_MAX_SURFACE_MM,,,,,,,,
0.645756854222665,40.72990216371458,464.8766024218113,0.0,2.0,20.0,1.0,2.0,418.3154765355526,315.132112706634,15.366313265734432,1.0,83.4707664326936,186.76733003287208,0.4574864443971908,0.0,710.9483556540117,35.30368518808253,1126.167204380407,2.0,4.564792134127031,62.0,17.317548005803815,50.93876009165656,1.0,26.301613494037248,0.2802089093191911,1.541916672542653,2,USER_LOCAL_LAB,USER_LOCAL_LAB/DEFAULT,,,,,,CW_MAX_SURFACE_MM,,,,,,,,
1.2034597300549914,42.54878157104174,1523.9929030600729,2.0,3.0,20.0,1.0,3.0,537.6605803135808,474.5474314024784,38.53027516942259,1.0,15.575767097457938,223.1202663604777,0.4098288767199359,0.0,792.9458473315971,41.7450222043707,972.2810984618468,1.0,6.653280097329668,90.0,24.80265767809317,32.76665330831613,0.0,51.205745183654685,0.2186847979008352,1.6811538694151342,2,USER_LOCAL_LAB,USER_LOCAL_LAB/DEFAULT,,,,,,CW_MAX_SURFACE_MM,,,,,,,,
1.233984394416709,71.95679540645904,470.758835877118,0.0,2.0,50.0,7.0,2.0,460.1501485305909,351.755135381203,23.184998693415665,1.0,53.48981529758705,167.5393779417402,0.386283639035978,0.0,683.2504759880195,48.337372614070745,967.4263434620364,1.0,3.138418003113916,44.0,19.46928855364505,80.9937306831352,1.0,88.79356260380638,0.1101862475892948,1.3071652203713875,1,USER_LOCAL_LAB,USER_LOCAL_LAB/DEFAULT,,,,,,CW_MAX_SURFACE_MM,,,,,,,,
2.154791286817238,91.21934285862253,1760.0406836383236,0.0,0.0,65.0,10.0,1.0,513.3998701655727,375.5178921959096,12.394017492845952,0.0,91.57448578787096,234.7969334309195,0.4252024961882114,1.0,706.9364005631646,51.95914334527004,950.1711855746828,1.0,3.5128515812885106,31.0,33.836932636777874,33.02226575398192,0.0,196.558645180954,0.1683977366135839,0.6196266933393444,1,USER_LOCAL_LAB,USER_LOCAL_LAB/DEFAULT,,,,,,CW_MAX_SURFACE_MM,,,,,,,,
1.892580380853196,43.75042660002013,1475.0023593140563,2.0,3.0,70.0,11.0,3.0,599.0065769540139,398.5314442945244,103.93735275972242,1.0,56.74481135493233,237.278553780746,0.3721314668900508,1.0,718.4180389640788,39.47631737593263,1093.984497699107,2.0,7.342745504852291,48.0,13.985261653730818,30.34001364440953,1.0,82.80119903715588,0.1989371424370692,1.045832290694329,1,USER_LOCAL_LAB,USER_LOCAL_LAB/DEFAULT,,,,,,CW_MAX_SURFACE_MM,,,,,,,,
2.459745522766034,51.72265710300663,2718.1726827445445,2.0,1.0,45.0,6.0,1.0,549.5119590053499,404.152408267287,70.71973993529713,2.0,39.72333014728241,236.13698147282767,0.4025478489213516,0.0,605.2905265924227,42.92548717123573,1205.6258808264358,1.0,4.90053934196116,15.0,38.94200525908535,81.06465615026855,1.0,127.22457423468336,0.02,1.22451968207013,0,USER_LOCAL_LAB,USER_LOCAL_LAB/DEFAULT,,,,,,CW_MAX_SURFACE_MM,,,,,,,,
2.160783850818469,84.41833867688243,712.35660879218,2.0,2.0,60.0,9.0,2.0,423.553477670342,300.4151769187001,43.04073498334935,1.0,44.50160548539922,184.3848060693766,0.447341137696444,0.0,593.0205244612424,48.542910262993374,961.496655592372,2.0,7.32048976604854,11.0,32.4652707297973,96.42116300043878,1.0,182.4097829259317,0.0976574833782131,0.7048400702975491,1,USER_LOCAL_LAB,USER_LOCAL_LAB/DEFAULT,,,,,,CW_MAX_SURFACE_MM,,,,,,,,
1.5159671536001764,98.02784982426772,1969.4566852801256,2.0,1.0,50.0,7.0,0.0,395.9435528092632,328.0175927496744,49.04032528400554,0.0,6.311717070387102,178.97206268854464,0.4772805773447415,0.0,800.2963723328328,48.278399416319886,1165.2450101337322,2.0,4.3479211910778215,47.0,38.86575590991153,82.95521334091174,1.0,148.60700047164067,0.1750124287766952,1.1815137747254376,1,USER_LOCAL_LAB,USER_LOCAL_LAB/DEFAULT,,,,,,CW_MAX_SURFACE_MM,,,,,,,,
2.5350509616650867,65.05188303416396,1259.7056870065644,0.0,0.0,80.0,13.0,0.0,680.4151188742371,515.6911409352196,51.78228044248256,1.0,96.87523213615988,314.27103662832303,0.4842114394590383,1.0,795.9863858034988,49.574003250652126,1221.6320147473416,2.0,8.147313711700775,75.0,34.334779419060645,63.01481334370651,1.0,164.9098386438821,0.02,0.3518767628141594,0,USER_LOCAL_LAB,USER_LOCAL_LAB/DEFAULT,,,,,,CW_MAX_SURFACE_MM,,,,,,,,
0.9174322997692598,40.07282517858755,1856.695663728005,2.0,3.0,60.0,9.0,2.0,418.0749901862725,300.30826562797705,75.97790185736513,0.0,31.06541850810828,156.54358553429574,0.4007265850366198,0.0,798.6474971156342,44.24834546603816,1005.4402800306976,2.0,5.880959422883025,48.0,9.973637404807494,64.02316746926111,1.0,36.76410416184307,0.1320456892934067,1.1849870184219342,2,USER_LOCAL_LAB,USER_LOCAL_LAB/DEFAULT,,,,,,CW_MAX_SURFACE_MM,,,,,,,,
0.5567801828346512,30.975540139574107,2357.6967820377995,2.0,3.0,40.0,5.0,0.0,581.442491026892,427.0418389532188,111.2123269786792,1.0,18.936349167285385,220.6548842413368,0.4040550229481138,0.0,567.115920323369,32.61537742011938,998.4650324910634,2.0,1.8692414898943703,71.0,23.42610317222548,60.52954958543737,0.0,17.24656690231415,0.1410346803909722,1.175885159378538,2,USER_LOCAL_LAB,USER_LOCAL_LAB/DEFAULT,,,,,,CW_MAX_SURFACE_MM,,,,,,,,
0.7251196519391043,46.075922099919865,593.6643032520459,2.0,2.0,80.0,13.0,3.0,600.4660003379611,422.375501626802,111.93355435883792,1.0,28.60473018403953,257.2539698340595,0.4599740821527673,0.0,677.5568633618408,52.599332271951,1234.0643212947768,0.0,0.1157369489312233,17.0,10.9492482418525,52.72505669772336,0.0,33.41055659586718,0.214124102719415,1.1397565921628514,2,USER_LOCAL_LAB,USER_LOCAL_LAB/DEFAULT,,,,,,CW_MAX_SURFACE_MM,,,,,,,,
2.305898376491126,39.22755524505647,2487.026924715324,2.0,1.0,20.0,1.0,3.0,540.4755327459517,383.2735402526595,46.97903754367961,0.0,96.43731948914788,211.5045346135244,0.3628901383488402,0.0,631.2115450133109,51.6393134830257,1221.6311212835312,2.0,4.669488931230983,41.0,33.63795734195401,66.51999499300882,0.0,90.45475595329168,0.092580368174007,0.9293017388450177,0,USER_LOCAL_LAB,USER_LOCAL_LAB/DEFAULT,,,,,,CW_MAX_SURFACE_MM,,,,,,,,
1.6546930756284683,77.43610715290002,1852.3556417051843,2.0,3.0,80.0,13.0,2.0,479.0519268124035,407.8317550366125,39.51149515173235,2.0,9.4286053488007,208.68344613240924,0.4674764724690137,1.0,840.1345121158445,49.95243589545832,1127.8507828671816,2.0,2.0622922597967874,56.0,25.44567522141536,60.18056699987805,1.0,128.13299030952777,0.0691628914152893,1.0832944333425116,1,USER_LOCAL_LAB,USER_LOCAL_LAB/DEFAULT,,,,,,CW_MAX_SURFACE_MM,,,,,,,,
0.9031794475840044,38.52827532399718,584.8129331704293,1.0,2.0,25.0,2.0,2.0,647.8531536721341,495.1452843816461,54.12558002223061,0.0,86.73030405011814,243.19105776231112,0.3988283293034846,0.0,869.8269445026069,32.496561929018235,1220.3359601670136,0.0,0.2976823076224751,32.0,14.220726002491702,71.87175160285423,1.0,34.7979464234922,0.1134127029656998,0.7554852938118022,2,USER_LOCAL_LAB,USER_LOCAL_LAB/DEFAULT,,,,,,CW_MAX_SURFACE_MM,,,,,,,,
1.7526119377584088,65.44309521344431,1661.0489826919388,0.0,1.0,35.0,4.0,2.0,656.0294225962114,510.3009265537392,68.1521076514191,2.0,70.78438944014478,223.1109055905619,0.3231713448670537,0.0,648.8049358014131,35.10993417703573,980.6095055500832,2.0,6.156504513324038,2.0,37.535964020250994,92.8684056350766,0.0,114.69634991494269,0.028816637919246,0.8962038128714376,1,USER_LOCAL_LAB,USER_LOCAL_LAB/DEFAULT,,,,,,CW_MAX_SURFACE_MM,,,,,,,,
0.880780256782921,78.59837049500206,2375.8290596964653,1.0,1.0,70.0,11.0,0.0,511.3146243364314,365.0871358538125,55.41814937396979,2.0,83.00191791590281,162.82731642289792,0.3144118294145887,1.0,800.4256971852751,48.5900091276913,1080.178900919789,0.0,0.0797537252934918,7.0,9.031511865999123,99.65065921266672,0.0,69.22789294730708,0.0345587028957602,1.228283941709577,0,USER_LOCAL_LAB,USER_LOCAL_LAB/DEFAULT,,,,,,CW_MAX_SURFACE_MM,,,,,,,,
2.24080093769434,70.67816264546317,1083.3664303760056,0.0,0.0,65.0,10.0,1.0,559.5805872382514,380.6226102419325,79.05040917800412,0.0,97.58975403678964,273.6150451660224,0.4683986422078926,1.0,606.5706092449788,30.57850236454866,1193.473193515103,1.0,3.1494532368536,84.0,24.73518412149599,35.5120302918042,0.0,158.37569313046697,0.1273160933025924,1.3528677228842385,1,USER_LOCAL_LAB,USER_LOCAL_LAB/DEFAULT,,,,,,CW_MAX_SURFACE_MM,,,,,,,,
1.6153906889350766,43.98429561620404,1772.7173803458977,0.0,0.0,80.0,13.0,1.0,549.3358025347123,360.6207132570832,66.52788280557164,1.0,84.21546555168719,174.48561006164553,0.3111135833813755,0.0,659.0549092166168,54.48061584268199,1034.959146576908,2.0,2.0484069285240105,55.0,30.23641941333539,56.9278430862939,0.0,71.05182159778391,0.0351982791212358,0.7171149823625013,1,USER_LOCAL_LAB,USER_LOCAL_LAB/DEFAULT,,,,,,CW_MAX_SURFACE_MM,,,,,,,,
1.4525530652412062,86.28871683275838,687.3235807466524,0.0,2.0,65.0,10.0,3.0,568.9051352091459,419.9658501377663,38.48586560328913,0.0,94.33823512778528,214.9883726915021,0.3561222872267311,0.0,609.915618644031,39.42861700889202,1198.2685417630723,0.0,0.0074046039981527,24.0,7.0596988066351125,42.64943370367666,0.0,125.33894013115363,0.1738099517372399,1.43041095321015,2,USER_LOCAL_LAB,USER_LOCAL_LAB/DEFAULT,,,,,,CW_MAX_SURFACE_MM,,,,,,,,
1.2537802228696913,80.07849907310612,1211.3645396824702,2.0,3.0,55.0,8.0,0.0,558.3606474653955,470.8145894147032,41.48769669151592,0.0,12.693525679091977,209.35898118540905,0.3668260081003092,1.0,662.0674759757226,47.98281334227059,1116.3789394489686,1.0,4.10765328995771,24.0,25.924961162217127,54.64843317478736,1.0,100.40083841494936,0.0761654079495263,1.509419922313784,2,USER_LOCAL_LAB,USER_LOCAL_LAB/DEFAULT,,,,,,CW_MAX_SURFACE_MM,,,,,,,,
2.075706482797221,81.72888027408791,1660.1316367586878,1.0,0.0,35.0,4.0,1.0,509.32638879730746,357.0632188658551,45.43113450716771,2.0,79.578856516697,171.0233333379145,0.3345988890383187,0.0,802.90515704574,52.18927721220109,1197.5877760229168,2.0,4.914073260166419,4.0,33.556542541208294,50.12311129838961,1.0,169.64516661668222,0.0967817378239523,1.1664342002387773,0,USER_LOCAL_LAB,USER_LOCAL_LAB/DEFAULT,,,,,,CW_MAX_SURFACE_MM,,,,,,,,
1.404531526383476,39.17404260901193,1152.153197167895,1.0,3.0,15.0,0.0,1.0,456.28512356819147,382.6839355137167,11.356772189926645,2.0,54.56756940810477,171.1651625962934,0.3627786739603978,1.0,887.7176876666908,39.86574720375206,1103.3442804929186,1.0,3.0972724682689767,86.0,7.363456004631868,42.21759921387518,0.0,55.02117786024685,0.196262613696754,1.3376868266910011,1,USER_LOCAL_LAB,USER_LOCAL_LAB/DEFAULT,,,,,,CW_MAX_SURFACE_MM,,,,,,,,
0.7191247982902524,38.66276625552412,2161.145005234283,2.0,3.0,20.0,1.0,0.0,613.891719658114,532.5961543972876,19.927515889676776,0.0,54.34955950798607,273.036380027182,0.4485385133450171,1.0,632.908066852707,37.97831221499165,1071.4084322732,2.0,1.240326920336329,10.0,22.928503988731947,83.48532373949033,0.0,27.80335398484696,0.3145497462851075,1.1154380077828223,2,USER_LOCAL_LAB,USER_LOCAL_LAB/DEFAULT,,,,,,CW_MAX_SURFACE_MM,,,,,,,,
0.7950147553012883,94.92937857045554,1335.1891501176324,1.0,1.0,35.0,4.0,0.0,521.2876644116591,312.1423224617395,86.77365625744633,0.0,89.89215763205137,154.0276317106891,0.3029365687120141,1.0,755.1484525822589,45.21852822245617,1022.3324414379488,0.0,0.0227313727234802,69.0,14.0495012352059,64.7402119980465,1.0,75.47025667509408,0.0279910491436114,0.8149303410319726,0,USER_LOCAL_LAB,USER_LOCAL_LAB/DEFAULT,,,,,,CW_MAX_SURFACE_MM,,,,,,,,
2.9047441613737863,57.83047356774584,721.1729202152817,1.0,2.0,15.0,0.0,1.0,569.6528569819938,415.1924013098916,46.691605382649605,0.0,97.18038186467112,263.76395707067013,0.4654346849041373,0.0,812.5007964476356,44.52473434370127,1018.7651826735548,2.0,3.802885021617635,22.0,28.20235580379223,94.3471907552058,1.0,167.9827304453908,0.1314351696950949,1.2501058219599366,1,USER_LOCAL_LAB,USER_LOCAL_LAB/DEFAULT,,,,,,CW_MAX_SURFACE_MM,,,,,,,,
2.7714517267690177,51.06640842466578,992.371102052923,0.0,0.0,50.0,7.0,0.0,610.6494267588089,477.8895103991945,25.74467670721724,1.0,70.4838323043181,272.59567400159096,0.4713096047149116,1.0,903.0520886548036,40.22849944061993,1197.9919674885607,2.0,5.8850124905503485,31.0,9.153707847759572,32.28147102729101,1.0,141.52808580843188,0.1295033261406015,0.2531482433076428,1,USER_LOCAL_LAB,USER_LOCAL_LAB/DEFAULT,,,,,,CW_MAX_SURFACE_MM,,,,,,,,
2.249267834526874,64.20088317460733,2534.2083934545285,2.0,3.0,65.0,10.0,0.0,459.0302472931095,337.61350288936853,67.52068926898288,0.0,48.29383894717839,180.0411327581474,0.3744523146383096,1.0,779.6217738393826,45.04436889669271,989.240414851207,2.0,1.8150022810320128,25.0,37.79680007346774,34.6884609192393,0.0,144.40498147286183,0.1579892894774867,1.0199162058588258,0,USER_LOCAL_LAB,USER_LOCAL_LAB/DEFAULT,,,,,,CW_MAX_SURFACE_MM,,,,,,,,
1.1646749036487989,76.40049489345077,660.3978792382935,1.0,2.0,80.0,13.0,1.0,475.2569804665451,311.8435050013705,90.66474509681127,0.0,45.64038579018453,151.16027026594097,0.3307225798121269,0.0,651.8384951698571,53.38453423916237,978.374175536612,0.0,0.297077239597631,75.0,36.31550036001561,58.229150805124085,0.0,88.98173902875033,0.097554109351853,1.8435840425156564,1,USER_LOCAL_LAB,USER_LOCAL_LAB/DEFAULT,,,,,,CW_MAX_SURFACE_MM,,,,,,,,
2.92294094336931,96.8936279932879,2149.8912071461664,0.0,1.0,45.0,6.0,0.0,436.6551271546328,334.5513429096327,30.89068348144457,1.0,38.63414572231818,173.2979768834578,0.4201680815890162,1.0,785.172136489017,41.69100641566492,1008.1761504573028,2.0,2.862206859139696,3.0,11.50910469564982,35.6194124282826,0.0,283.2143524131759,0.0521957420875492,0.8040796841184299,0,USER_LOCAL_LAB,USER_LOCAL_LAB/DEFAULT,,,,,,CW_MAX_SURFACE_MM,,,,,,,,
2.4468772599144866,50.05123588174385,1895.6737464813657,2.0,0.0,75.0,12.0,2.0,674.4907427074121,529.7057983826708,99.21478583084934,0.0,36.15990295726627,209.6236755937388,0.3239345111729788,1.0,675.3768182040858,34.91855451876578,1007.8643487797942,1.0,4.424104922455392,32.0,16.31430595277866,48.391071749038346,1.0,122.46923090965502,0.02,1.022492015788137,0,USER_LOCAL_LAB,USER_LOCAL_LAB/DEFAULT,,,,,,CW_MAX_SURFACE_MM,,,,,,,,
2.292225472897489,94.7365900518419,2272.1837423729376,2.0,3.0,80.0,13.0,0.0,463.8145073169926,302.31494545528085,111.30058315500597,2.0,39.15068416844314,182.4635771859633,0.3729838722156505,1.0,911.4062206490148,39.430149572075095,1221.625515526277,1.0,3.9555398062635048,26.0,25.567224112856508,99.02208201536364,1.0,217.15762493227885,0.02,0.902082594130577,0,USER_LOCAL_LAB,USER_LOCAL_LAB/DEFAULT,,,,,,CW_MAX_SURFACE_MM,,,,,,,,
1.6234037553594716,31.740164397037944,2713.643300507729,0.0,1.0,75.0,12.0,1.0,466.3239161623864,347.08049370283794,71.68734348886089,2.0,8.975323525119528,223.0557009760905,0.4916858361801944,0.0,703.8834086589093,39.85267456482797,1081.50718574649,1.0,7.077269164550998,25.0,30.132181782198767,44.62717252392299,1.0,51.5271020778784,0.0832556592449617,0.913936005316806,2,USER_LOCAL_LAB,USER_LOCAL_LAB/DEFAULT,,,,,,CW_MAX_SURFACE_MM,,,,,,,,
1.1806039046128975,68.86386296287773,1405.4133661426995,0.0,3.0,45.0,6.0,1.0,406.4221100442909,307.82087822541115,80.27371907898956,2.0,7.743608526043822,208.8805952475185,0.4990928945167274,0.0,806.753979473965,33.277717325655495,1276.8281909289592,1.0,3.83378233144618,18.0,20.49296053060904,43.86824189884635,0.0,81.30094550070095,0.2216155772049619,1.4741348927641396,2,USER_LOCAL_LAB,USER_LOCAL_LAB/DEFAULT,,,,,,CW_MAX_SURFACE_MM,,,,,,,,
0.7409774053837482,74.37825781767596,565.5341529112391,0.0,2.0,35.0,4.0,3.0,429.1517521125506,327.6573668905508,6.309118838766645,0.0,77.98698438723117,206.1364267597487,0.4544209782709171,1.0,568.361929644833,34.071787513863875,995.279715070902,1.0,4.978308847023092,83.0,10.470196268634126,70.15484681569964,0.0,55.11260849470502,0.2871512825609976,1.5561923767340924,2,USER_LOCAL_LAB,USER_LOCAL_LAB/DEFAULT,,,,,,CW_MAX_SURFACE_MM,,,,,,,,
2.756505991359604,37.41281826255273,1152.078716103042,0.0,3.0,80.0,13.0,2.0,630.4076216014201,455.0373216570741,113.46238692262878,2.0,44.60728929202261,212.902699930996,0.3621923019841532,0.0,704.022120608512,47.11405183484193,1165.6681424789024,1.0,5.451366943316442,35.0,8.645302283100506,64.85988035552097,1.0,103.1286576943746,0.02,0.3918298292136539,0,USER_LOCAL_LAB,USER_LOCAL_LAB/DEFAULT,,,,,,CW_MAX_SURFACE_MM,,,,,,,,
1.6394407245840277,39.823771794473885,1985.865120038594,0.0,3.0,30.0,3.0,3.0,510.6977341482141,360.4097271847714,47.09816811179326,2.0,93.06844885446203,232.9221470091832,0.4375330098332185,1.0,875.0387407961042,38.48694385522256,1098.0807373764128,0.0,0.0038558335844799,38.0,39.99178679200204,70.63068080419913,1.0,65.28871328640123,0.1256068301026723,1.81570378491848,2,USER_LOCAL_LAB,USER_LOCAL_LAB/DEFAULT,,,,,,CW_MAX_SURFACE_MM,,,,,,,,
1.005908411988076,59.33800235214127,1039.8078257299044,2.0,0.0,40.0,5.0,1.0,645.4248049899996,442.3030126076692,110.8680480654516,0.0,61.22210085939525,275.92403991925096,0.4410812730968025,1.0,779.6818799959685,53.87245979639519,1079.6629983100345,2.0,4.863500326346418,35.0,20.937324250522053,56.37146947459827,1.0,59.68859571658714,0.0661731738211979,1.5433829188445165,0,USER_LOCAL_LAB,USER_LOCAL_LAB/DEFAULT,,,,,,CW_MAX_SURFACE_MM,,,,,,,,
1.2648915603766313,97.63623385002272,2103.920978355907,1.0,1.0,20.0,1.0,1.0,551.4177206091689,447.54884569153154,69.4773029700291,2.0,3.517598218441975,198.7580935236705,0.3775683390327299,1.0,719.8194391025515,36.08991863396518,1238.7777856878472,0.0,0.3163664660784175,89.0,35.53861122019744,87.8733651926463,0.0,123.49924818385291,0.057454117316927,0.4305414214756072,1,USER_LOCAL_LAB,USER_LOCAL_LAB/DEFAULT,,,,,,CW_MAX_SURFACE_MM,,,,,,,,
1.94804892235474,71.7229787264061,2115.88882245416,2.0,1.0,70.0,11.0,1.0,543.7981438343435,512.3588332724448,0.5542558611993131,1.0,15.752334131747949,239.8797314981516,0.4281777269172319,0.0,896.9374997968614,32.47311262762056,1271.946563123372,0.0,0.1923227644800203,31.0,21.883160162019006,39.7006386009724,0.0,139.71987141604734,0.0252110733438153,1.0274819326496738,0,USER_LOCAL_LAB,USER_LOCAL_LAB/DEFAULT,,,,,,CW_MAX_SURFACE_MM,,,,,,,,
0.9419319573480792,95.3116255120148,1945.576244769964,2.0,1.0,60.0,9.0,3.0,359.7973990913108,301.18534822796846,4.625039918812286,2.0,20.581979301300755,115.83909108989651,0.3021455289951352,1.0,867.4343754130025,48.83761407500645,1238.043456395479,1.0,1.7521554887143769,31.0,37.28251734911012,59.9874852089026,0.0,89.77706597655921,0.0786209760647774,0.8927887812776787,2,USER_LOCAL_LAB,USER_LOCAL_LAB/DEFAULT,,,,,,CW_MAX_SURFACE_MM,,,,,,,,
2.6415357102309387,86.30526409290795,1531.684485718372,1.0,0.0,20.0,1.0,3.0,701.0892213309086,513.3423648355918,81.65025668039064,1.0,97.57360243896606,231.7809126409195,0.3418115317204483,0.0,675.9976425762578,52.02590129794675,1013.459224081594,1.0,6.871154242364839,30.0,8.07157839700427,78.28332939108608,1.0,227.9784370823284,0.02,0.910272407769692,0,USER_LOCAL_LAB,USER_LOCAL_LAB/DEFAULT,,,,,,CW_MAX_SURFACE_MM,,,,,,,,
2.396298824588025,62.7167121088704,643.7655255029646,1.0,2.0,30.0,3.0,3.0,544.3425869084462,454.7797716067435,67.52016165983197,2.0,21.870422615163488,222.89646931298563,0.4050176605934522,1.0,756.0374247348823,36.9528339217872,1022.8633139989482,1.0,8.06803188106392,30.0,8.990671696709285,90.77655081980298,1.0,150.28798350851173,0.1042382181139386,1.5031785007284844,1,USER_LOCAL_LAB,USER_LOCAL_LAB/DEFAULT,,,,,,CW_MAX_SURFACE_MM,,,,,,,,
2.298657389877342,84.93344144765312,1918.9426031168928,0.0,0.0,50.0,7.0,3.0,418.29202610200304,340.6858715262394,3.1838924647289213,0.0,51.57556762880513,134.5064106973279,0.3327502608516591,0.0,736.3367321932866,35.05220254113695,1166.5043801013708,2.0,1.167016154722,9.0,37.53712657034785,55.87001244497304,1.0,195.2328828313624,0.0413147907928189,1.166876019109088,0,USER_LOCAL_LAB,USER_LOCAL_LAB/DEFAULT,,,,,,CW_MAX_SURFACE_MM,,,,,,,,
1.5802325994377593,31.248574878389142,521.4689470089431,0.0,2.0,50.0,7.0,2.0,715.8303464426219,493.234347033821,89.21519534668624,1.0,93.6176931640196,240.57288764806745,0.3331813735753067,0.0,787.5929000413505,34.64415337177718,1045.3975819406032,0.0,0.2097993830029773,55.0,38.16225657656747,69.74219193656269,0.0,49.38001670880234,0.0956714833306246,1.1405024095396743,2,USER_LOCAL_LAB,USER_LOCAL_LAB/DEFAULT,,,,,,CW_MAX_SURFACE_MM,,,,,,,,
2.068272101756108,37.64007977360144,569.8170486851755,1.0,2.0,70.0,11.0,2.0,715.3953712804594,513.8728854476465,102.2574404483018,0.0,97.71927299143572,340.7939483912889,0.4672608581100476,1.0,680.280056105152,43.05030753416281,1192.4592931575914,0.0,0.333601932969384,3.0,16.015110661287718,34.839796150508306,1.0,77.84992690361422,0.1940422507766342,1.8191223319960097,0,USER_LOCAL_LAB,USER_LOCAL_LAB/DEFAULT,,,,,,CW_MAX_SURFACE_MM,,,,,,,,
1.960244922281839,88.06000304179155,2489.977977104163,0.0,3.0,30.0,3.0,3.0,455.0919353179492,363.5658709385393,59.570097892716994,0.0,23.636043538354457,230.55642956379816,0.4978266005367211,1.0,647.9138002757197,41.71041603116928,1136.9188147671828,1.0,3.1360569148741706,21.0,17.430771044785516,41.92233616782803,0.0,172.61917381879516,0.2686434561003349,1.5846725538556117,2,USER_LOCAL_LAB,USER_LOCAL_LAB/DEFAULT,,,,,,CW_MAX_SURFACE_MM,,,,,,,,
2.12461650388705,85.77719618276132,353.88011482550525,0.0,2.0,75.0,12.0,1.0,611.2576631430283,529.6984202256702,55.8908928428706,0.0,4.911764375004013,256.3138637545746,0.4111938856056897,1.0,888.5618606919929,36.48599599636336,1131.799893601833,2.0,6.906666886474126,19.0,20.83575821921653,34.83967137262801,1.0,182.243646667052,0.124314365422878,1.3048086234828369,1,USER_LOCAL_LAB,USER_LOCAL_LAB/DEFAULT,,,,,,CW_MAX_SURFACE_MM,,,,,,,,
0.7111108028497227,46.28485193765036,1387.3657054401767,0.0,1.0,45.0,6.0,1.0,462.0289433463904,413.6143575746645,0.6567730601552979,1.0,15.36018325377585,203.523557425792,0.4678139461763427,0.0,892.5948198194623,31.12932792473566,1223.4204851967993,1.0,5.742662880747259,27.0,19.56565880235518,80.95166243989652,1.0,32.91365822116309,0.0910014778026316,0.823112127631153,1,USER_LOCAL_LAB,USER_LOCAL_LAB/DEFAULT,,,,,,CW_MAX_SURFACE_MM,,,,,,,,
1.539518505426524,67.15387134193375,1140.3344190572295,2.0,3.0,70.0,11.0,3.0,555.1486071558202,450.8561135833304,94.39796549923192,0.0,6.332847870255809,285.0619423886084,0.4980643328652545,1.0,863.5962388743125,42.03728350815702,1184.4758146750837,1.0,7.968719742033025,69.0,11.651582558585885,50.16419781054985,1.0,103.38462764193892,0.1594364822329201,2.248853898348792,2,USER_LOCAL_LAB,USER_LOCAL_LAB/DEFAULT,,,,,,CW_MAX_SURFACE_MM,,,,,,,,
0.6040354346547312,72.42110744900077,2252.5812560648446,1.0,1.0,30.0,3.0,1.0,621.1701216735329,546.1623834044109,39.68592800953265,2.0,19.51242410923364,209.6442952945214,0.3283191777137549,1.0,912.153595075242,53.98330869089021,958.7706624491062,1.0,8.357536085153296,54.0,36.443138437878105,80.66217031342865,1.0,43.74491511613417,0.0875350549222078,0.932563008508036,1,USER_LOCAL_LAB,USER_LOCAL_LAB/DEFAULT,,,,,,CW_MAX_SURFACE_MM,,,,,,,,
1.7349770481112974,90.7417267643208,1869.7732812646072,2.0,1.0,15.0,0.0,0.0,582.5756575292736,390.38401965979983,105.45163437390477,1.0,56.85697147037354,233.63169717422937,0.3896491226508702,1.0,828.1969492806879,46.31298001881658,966.3215152581852,2.0,1.317595854990286,90.0,13.86576602469753,34.64787953302922,1.0,157.43481324208318,0.1290681718798914,1.00485458345829,0,USER_LOCAL_LAB,USER_LOCAL_LAB/DEFAULT,,,,,,CW_MAX_SURFACE_MM,,,,,,,,
1.3246530308319633,72.2175010137108,2238.9142658269493,1.0,3.0,15.0,0.0,2.0,654.1637149278132,503.2898364550282,44.76727050696637,2.0,91.24487962956418,230.7361445515764,0.3785145431683839,1.0,835.2802022823198,42.38766391571546,1148.514289310485,1.0,4.337033207702547,32.0,29.684534331717806,90.37834602858278,0.0,95.6631315969224,0.1025623936945479,0.5809165408261853,1,USER_LOCAL_LAB,USER_LOCAL_LAB/DEFAULT,,,,,,CW_MAX_SURFACE_MM,,,,,,,,
0.8613104721651172,58.88000984915762,2273.970261293748,0.0,1.0,40.0,5.0,1.0,508.6844739212591,379.5997794571149,67.80934927568467,2.0,53.721888369434,159.38200863948526,0.316009856729237,0.0,834.5324331065507,32.7673018507404,1110.443384955351,2.0,5.102408406836637,84.0,7.350448720724051,88.48711386777642,0.0,50.713969084264704,0.0298601614519306,0.4085487825186626,1,USER_LOCAL_LAB,USER_LOCAL_LAB/DEFAULT,,,,,,CW_MAX_SURFACE_MM,,,,,,,,
0.7585074193063791,56.19288303850279,1267.0928616595334,1.0,0.0,80.0,13.0,3.0,602.6631839100636,499.8033805603727,32.441014583919305,0.0,62.59895566990807,267.8844171978531,0.4510660345589489,0.0,733.0187471392303,36.31090726373968,1035.860936263187,2.0,2.1005742490573933,5.0,6.356296603495031,36.22501201351979,1.0,42.622718696919954,0.0561374894539982,1.866778275875946,1,USER_LOCAL_LAB,USER_LOCAL_LAB/DEFAULT,,,,,,CW_MAX_SURFACE_MM,,,,,,,,
1.96911143044428,59.81174604614569,2637.386475778457,0.0,1.0,15.0,0.0,3.0,506.0427538634047,450.1834797156606,19.27059751019024,0.0,20.18672516095411,182.77309274732863,0.3867558054645186,1.0,724.3227900251378,37.369348739363566,1088.1565088138846,0.0,0.1537124796220771,46.0,27.880566540192223,31.662955452003057,1.0,117.77599281429596,0.1503833711421313,1.0296467384364365,1,USER_LOCAL_LAB,USER_LOCAL_LAB/DEFAULT,,,,,,CW_MAX_SURFACE_MM,,,,,,,,
0.9264824213422151,75.63517179059819,2220.051435313044,2.0,3.0,40.0,5.0,1.0,546.3129172717304,354.08892380635035,92.98894840575936,1.0,80.05836206738502,205.6154871107312,0.3938653868380802,1.0,646.4814594136411,49.12008881518086,1200.110405181844,0.0,0.2254032905074539,72.0,16.86555501506411,33.94021690873938,0.0,70.07465709918783,0.2157013584637197,0.5013463737043465,2,USER_LOCAL_LAB,USER_LOCAL_LAB/DEFAULT,,,,,,CW_MAX_SURFACE_MM,,,,,,,,
2.812800295941993,90.72434422266276,1178.748917274246,0.0,0.0,20.0,1.0,2.0,559.3488484720618,403.50652344730906,59.5908574615538,1.0,61.77889085055832,182.9161071257292,0.330134594762648,0.0,792.1349099693446,51.91776993161548,1222.7817899371169,2.0,1.1217284225685358,48.0,27.941078745200045,89.75411212027137,1.0,255.18946227864905,0.02,0.8481652903491776,0,USER_LOCAL_LAB,USER_LOCAL_LAB/DEFAULT,,,,,,CW_MAX_SURFACE_MM,,,,,,,,
1.952652849250988,61.77278174534098,1782.7072284352864,1.0,1.0,80.0,13.0,3.0,555.8912391031528,379.4089085908904,64.37855085027009,0.0,86.41368291927249,194.1456692815578,0.3361853304461736,0.0,664.1552489968404,52.54104633916096,1135.2036124037145,0.0,0.2718269525610505,84.0,8.290742075909062,46.4292442336327,0.0,120.62079828119944,0.0981239039974769,0.5835207059543058,0,USER_LOCAL_LAB,USER_LOCAL_LAB/DEFAULT,,,,,,CW_MAX_SURFACE_MM,,,,,,,,
1.3671745113370926,47.34876940659507,1240.215972285968,2.0,0.0,60.0,9.0,2.0,557.8774015690977,319.52709827009096,115.84991441780826,2.0,94.8843107005784,257.27482726958505,0.481420724431243,1.0,652.8110274928476,54.61421520626885,1077.171928682844,1.0,7.319909662886471,29.0,38.24479829705522,68.37913225007321,1.0,64.7340306758743,0.085096375223756,1.6462107346090082,2,USER_LOCAL_LAB,USER_LOCAL_LAB/DEFAULT,,,,,,CW_MAX_SURFACE_MM,,,,,,,,
1.9772887287035417,46.56636540983068,370.92524188124986,1.0,2.0,65.0,10.0,0.0,497.1978464286783,307.45869252492434,115.62958946665844,1.0,34.790077575659225,161.70313380439774,0.3089298177948558,1.0,770.9460946745797,54.55916707761331,1039.3299312933852,0.0,0.2490970373217857,3.0,31.19800634125834,59.83709422260397,0.0,92.07514946154868,0.1053319770990964,0.9514806999627868,0,USER_LOCAL_LAB,USER_LOCAL_LAB/DEFAULT,,,,,,CW_MAX_SURFACE_MM,,,,,,,,
0.5570096775742437,82.22099961704126,1436.453396067507,1.0,1.0,60.0,9.0,2.0,514.8283619216666,386.6196638517952,102.6770546042884,2.0,9.057905853543936,179.7317449986899,0.3465704569887412,0.0,707.5936597610155,53.82497831919953,1122.2330953538535,1.0,4.59848877066365,70.0,35.66935315590297,85.68678683600214,1.0,45.79789248652016,0.0245990787859738,0.9585451202310378,1,USER_LOCAL_LAB,USER_LOCAL_LAB/DEFAULT,,,,,,CW_MAX_SURFACE_MM,,,,,,,,
2.896398033103613,87.15981343967373,2697.8039414011905,1.0,1.0,60.0,9.0,2.0,365.998724007819,304.75853695437166,22.513115131804028,0.0,22.592895791678245,136.6441528815897,0.3584118660629056,1.0,638.7883791660676,31.79555351257211,1053.8673741262455,0.0,0.1662578554015262,7.0,9.776469391557882,64.22288110294694,0.0,252.44951221234885,0.02,0.8154848136113845,0,USER_LOCAL_LAB,USER_LOCAL_LAB/DEFAULT,,,,,,CW_MAX_SURFACE_MM,,,,,,,,
1.7057585923572507,37.369465589788746,1413.0656520782543,2.0,0.0,65.0,10.0,2.0,493.4026979882496,341.37193939544375,71.31272331618959,2.0,43.78415656758372,195.53139397813868,0.3980395084803173,1.0,853.7801660310192,33.44483839819513,1136.1513952255837,1.0,4.561576273567779,69.0,16.20563391125043,65.04625884628888,0.0,63.74328702158077,0.0553360634626483,0.5874761856773414,0,USER_LOCAL_LAB,USER_LOCAL_LAB/DEFAULT,,,,,,CW_MAX_SURFACE_MM,,,,,,,,
2.456838068125716,34.65911998686247,472.4939202498345,0.0,2.0,15.0,0.0,0.0,691.0779098340314,481.2958302127172,105.37769095866447,0.0,94.56936518244731,288.3420548452132,0.4172890346029592,0.0,869.8051709459753,37.61166316190082,1173.2952862281804,2.0,1.9819098410987428,67.0,17.892045747222042,99.23643576499316,1.0,85.15184539146057,0.1274626827015014,0.8258826290056016,0,USER_LOCAL_LAB,USER_LOCAL_LAB/DEFAULT,,,,,,CW_MAX_SURFACE_MM,,,,,,,,
0.7068249998060965,71.61035646295163,628.35856890482,1.0,2.0,75.0,12.0,1.0,588.9820733842257,477.022808920897,44.93567237387253,1.0,37.83098223734152,239.3000767996763,0.3986579951701333,0.0,620.3718270840011,43.822456351611535,971.8061396034004,2.0,1.387911187497933,76.0,23.80104269143865,40.509068972448,1.0,50.61599019304028,0.1913694176226069,1.301516288110304,2,USER_LOCAL_LAB,USER_LOCAL_LAB/DEFAULT,,,,,,CW_MAX_SURFACE_MM,,,,,,,,
1.7166458270954008,40.23212709348888,1884.78890440464,2.0,3.0,65.0,10.0,3.0,604.0380834218782,484.6450966143457,12.132739912270196,1.0,77.077321366537,204.47753475882587,0.3168230669113764,1.0,562.702531808,32.42444721763698,950.3522634575066,2.0,8.090624293299614,44.0,15.3903969927595,88.1492757122152,0.0,69.0643130902095,0.1260119203128169,1.325080185520329,2,USER_LOCAL_LAB,USER_LOCAL_LAB/DEFAULT,,,,,,CW_MAX_SURFACE_MM,,,,,,,,
1.7267674858863022,87.72649333194389,2697.82397894154,1.0,1.0,65.0,10.0,0.0,534.5630301661785,379.2882927824947,97.31554826879062,2.0,54.0476692170755,186.1758237553985,0.3487334908111427,0.0,681.0067886705746,51.14492394505356,1020.0514558174452,0.0,0.1592130406064235,81.0,7.122075976629179,33.62248219227193,1.0,151.4832563364222,0.02,0.1957154586474931,0,USER_LOCAL_LAB,USER_LOCAL_LAB/DEFAULT,,,,,,CW_MAX_SURFACE_MM,,,,,,,,
2.8445661374374573,51.72342717468521,1892.422091473149,1.0,0.0,40.0,5.0,1.0,617.3266237137254,522.5048642794238,57.8116261634606,0.0,18.280877043097654,290.67863908871595,0.4687176769525082,0.0,847.1039008450709,45.41890447693272,1245.1887942471976,1.0,4.780479299234132,16.0,17.910743325811474,63.43541387010795,0.0,147.13070945332194,0.137012300049375,0.210227940805197,0,USER_LOCAL_LAB,USER_LOCAL_LAB/DEFAULT,,,,,,CW_MAX_SURFACE_MM,,,,,,,,
1.9293201309401884,40.07103530797998,1766.9913025992646,0.0,3.0,70.0,11.0,1.0,556.2806693984207,448.4576370071119,67.72712164310143,0.0,32.07341189534516,241.7009591265078,0.4275177400956917,0.0,862.1025918443568,43.55911005755512,1163.2759518654243,0.0,0.0618334434645065,40.0,13.909226011954877,92.04343767531164,0.0,77.30985508730085,0.0552780049310079,1.2515321173605654,0,USER_LOCAL_LAB,USER_LOCAL_LAB/DEFAULT,,,,,,CW_MAX_SURFACE_MM,,,,,,,,
1.6837235026423845,94.46793307412152,469.3617630663718,0.0,2.0,40.0,5.0,0.0,522.0981004091793,331.5065854366566,117.85731555814132,1.0,65.31918850228186,232.94157727401708,0.4298298100268548,1.0,609.7984652417778,34.13278308418228,1006.7469161392175,2.0,4.177413404129538,11.0,18.50724520121252,76.56497759228849,0.0,159.05787916294625,0.2031941897118868,1.1554869749220296,2,USER_LOCAL_LAB,USER_LOCAL_LAB/DEFAULT,,,,,,CW_MAX_SURFACE_MM,,,,,,,,
1.167439157729734,41.58722059146948,743.984195215945,2.0,2.0,15.0,0.0,0.0,494.63350091017656,335.92966536388354,72.86537165928866,1.0,67.28533946848934,199.9838628320049,0.434040651070271,0.0,838.7609244258985,36.33138686000493,1243.7871074017942,2.0,7.97579139437593,70.0,11.893583991700918,77.96502335562931,0.0,48.550549779625776,0.1723054337207986,1.3480066441635847,2,USER_LOCAL_LAB,USER_LOCAL_LAB/DEFAULT,,,,,,CW_MAX_SURFACE_MM,,,,,,,,
1.3289224933563806,49.930405763655486,1804.8643304051009,1.0,0.0,75.0,12.0,1.0,579.3245459935848,473.2738567324254,50.99752627993217,0.0,43.47597468090461,262.84914979007385,0.4525806038079058,0.0,601.6535002313946,34.00780062455645,1105.0854602948225,0.0,0.0704719116684503,65.0,14.16637310976574,48.432209757953984,1.0,66.35363932173284,0.1401090242669514,0.4033340509400586,1,USER_LOCAL_LAB,USER_LOCAL_LAB/DEFAULT,,,,,,CW_MAX_SURFACE_MM,,,,,,,,
1.8016810061788444,40.7529376634441,2721.9114560061457,0.0,1.0,30.0,3.0,3.0,442.3410864234296,343.2359841105195,44.398124141663736,0.0,22.864560266211463,137.43708418820822,0.3116216963442894,0.0,700.4225324563505,51.298328944869965,1107.110279703958,1.0,8.283513638517459,73.0,26.94333191512941,59.3002353953018,1.0,73.4237937342177,0.1457991170516399,0.5454258485213395,1,USER_LOCAL_LAB,USER_LOCAL_LAB/DEFAULT,,,,,,CW_MAX_SURFACE_MM,,,,,,,,
1.5972786507626169,38.08430445657485,1189.565723547266,1.0,3.0,20.0,1.0,0.0,585.4323641208832,426.8231753955108,50.11431511848548,0.0,72.19067795126763,233.3003822806715,0.3733216769865224,1.0,919.4994254042896,44.60569650153045,1258.728841468076,1.0,2.941267279280497,69.0,18.58538421023228,55.660674444933534,0.0,60.83124643763058,0.1525953821913835,1.0248668288511522,1,USER_LOCAL_LAB,USER_LOCAL_LAB/DEFAULT,,,,,,CW_MAX_SURFACE_MM,,,,,,,,
0.5540301997008261,31.4803611435508,2360.853886705252,1.0,3.0,55.0,8.0,1.0,611.147637336424,547.9436189821777,14.207889981440252,1.0,16.887304161271476,249.0314750453588,0.4079054870523357,1.0,629.3326963631275,48.37823568799084,969.6306084205022,1.0,4.784089297779529,28.0,17.08841876093222,66.50102471105959,0.0,17.44107077101558,0.0736636038785617,1.5528507122952016,2,USER_LOCAL_LAB,USER_LOCAL_LAB/DEFAULT,,,,,,CW_MAX_SURFACE_MM,,,,,,,,
2.5657298104858945,33.87767864149821,2219.318214385932,1.0,1.0,30.0,3.0,0.0,500.6801722848229,301.0019011833349,95.3700670101086,1.0,93.66696918651266,183.1626130128544,0.3676912966594652,0.0,615.4268897279455,37.40082157275064,1021.0088306274772,1.0,7.446480938569939,7.0,23.68669714528305,62.35595511005677,1.0,86.92097000055323,0.02,0.2917480537914693,1,USER_LOCAL_LAB,USER_LOCAL_LAB/DEFAULT,,,,,,CW_MAX_SURFACE_MM,,,,,,,,
2.740401929599417,42.224902965509685,1195.0746853361802,2.0,3.0,75.0,12.0,2.0,434.42670710802616,304.14495047438925,100.52602298244491,1.0,18.79035790364767,218.76493205168168,0.4688957746574373,0.0,712.2081197168457,39.28131592720693,1143.3045373010584,0.0,0.0042181520555738,84.0,32.0151189295374,52.88288463138925,1.0,115.71320556383088,0.1360875510783012,1.521244946861264,2,USER_LOCAL_LAB,USER_LOCAL_LAB/DEFAULT,,,,,,CW_MAX_SURFACE_MM,,,,,,,,
0.8506227224965269,33.73673528390228,1941.212799950753,0.0,3.0,45.0,6.0,1.0,603.3191719193863,548.2711454826266,34.127656148809066,2.0,10.731236283252043,237.3330671259808,0.3965145017174588,0.0,783.0806693491502,40.12137411066335,1014.5105481620614,1.0,3.096155301776422,45.0,18.260378472178505,51.38364286598191,0.0,28.697233615337595,0.1862204957922356,0.928856531248827,2,USER_LOCAL_LAB,USER_LOCAL_LAB/DEFAULT,,,,,,CW_MAX_SURFACE_MM,,,,,,,,
1.8850903588476235,71.38006712776799,2297.754184168718,1.0,1.0,15.0,0.0,3.0,537.7815968215219,446.1597085335414,36.45559420919329,0.0,49.76477023653788,231.5466944741653,0.4537255178918758,1.0,895.8442816687711,49.00037429360087,1174.2439130389562,1.0,7.416065225634113,9.0,25.56318223945442,47.55970241585855,0.0,134.5578763564516,0.1927884057514129,0.911872177619079,2,USER_LOCAL_LAB,USER_LOCAL_LAB/DEFAULT,,,,,,CW_MAX_SURFACE_MM,,,,,,,,
0.7714393528386089,77.65001687596545,1019.6842974217644,1.0,3.0,80.0,13.0,2.0,526.3544991749237,331.7274938796283,104.92011076017758,2.0,51.954959810969406,236.3841938191163,0.4704031033762338,1.0,913.0956123918922,49.3088246918642,1020.6504554811175,2.0,3.9241710165445673,84.0,38.81709188788617,55.55330728193309,0.0,59.90227876670184,0.2138042083310973,1.915830081788885,2,USER_LOCAL_LAB,USER_LOCAL_LAB/DEFAULT,,,,,,CW_MAX_SURFACE_MM,,,,,,,,
2.180600232599529,57.554131978241976,1926.9087389467943,2.0,1.0,50.0,7.0,3.0,594.1031960059853,524.3255499385234,2.8764426633546547,2.0,50.81929147782448,222.78170600898872,0.4009582965806996,0.0,585.070629172902,35.170338187850795,982.7218002976088,2.0,4.980424682951756,90.0,23.26930399413177,40.49590345538424,0.0,125.50255357881844,0.1241764309028981,0.9629108601776004,0,USER_LOCAL_LAB,USER_LOCAL_LAB/DEFAULT,,,,,,CW_MAX_SURFACE_MM,,,,,,,,
1.2030844595975208,52.25937678664346,1955.5593156748496,0.0,0.0,30.0,3.0,2.0,635.2042961997092,520.095075031923,62.45489325206732,0.0,43.666748933883945,281.6504862012432,0.48191044877427,0.0,609.679106245246,53.53847141845248,1018.3051026814773,2.0,8.323952998113592,41.0,36.842915178114055,91.04730114025016,1.0,62.87244408026216,0.1818985592193303,1.0511751169112855,2,USER_LOCAL_LAB,USER_LOCAL_LAB/DEFAULT,,,,,,CW_MAX_SURFACE_MM,,,,,,,,
2.1485565867297547,65.3168365915561,432.9115614048404,0.0,2.0,60.0,9.0,1.0,623.0395203429146,434.0501032778439,55.641085761780126,0.0,99.48148928296084,257.2402937514875,0.4174247881073961,1.0,844.6656706025578,33.01638343609216,1089.5022313097809,0.0,0.0273546489598858,70.0,32.77854184897494,72.14835742833992,1.0,140.3369194831389,0.1642848959043683,1.0576612406288302,2,USER_LOCAL_LAB,USER_LOCAL_LAB/DEFAULT,,,,,,CW_MAX_SURFACE_MM,,,,,,,,
2.3174865357172063,91.2503459564226,506.346636809348,1.0,2.0,50.0,7.0,3.0,602.8590931879742,455.4480074651891,82.81521234941518,0.0,48.628061267058186,295.584384688996,0.4700548597667443,1.0,657.4275748175098,52.40305206059076,1008.1256387271164,2.0,3.2605047754013925,4.0,7.05515385775524,39.36504979156988,1.0,211.4714481335464,0.2508377816629225,1.9828388784959432,2,USER_LOCAL_LAB,USER_LOCAL_LAB/DEFAULT,,,,,,CW_MAX_SURFACE_MM,,,,,,,,
2.4216187297941425,89.57921387755442,1419.2397778950503,1.0,0.0,15.0,0.0,1.0,437.1031324115234,368.2967978752191,19.607004017934536,0.0,47.7946580739831,166.91616975428778,0.3681181591183048,0.0,878.5456614222899,32.509891141245234,994.4483682247046,1.0,1.2330220005237995,9.0,20.018460501423988,78.5701533946301,1.0,216.9267021261212,0.0770572711002253,1.1087083900294237,0,USER_LOCAL_LAB,USER_LOCAL_LAB/DEFAULT,,,,,,CW_MAX_SURFACE_MM,,,,,,,,
0.7693523648897413,33.04325434089544,1483.0838263079866,2.0,3.0,65.0,10.0,3.0,441.4838820698611,312.6299240930013,80.19968889541845,1.0,42.17660627145613,163.277800694609,0.399763391706297,0.0,798.8431726024712,36.61349527878278,1233.8930224522503,1.0,3.9387828243253953,25.0,29.441144275400585,89.33665275985813,0.0,25.42190587082112,0.1911891988593143,1.2044757703539375,2,USER_LOCAL_LAB,USER_LOCAL_LAB/DEFAULT,,,,,,CW_MAX_SURFACE_MM,,,,,,,,
2.79002961284402,42.704888671756684,2085.818653721776,1.0,0.0,40.0,5.0,3.0,526.1025722520943,448.6419022227161,45.20808094498517,0.0,6.68257547014629,216.1394865940076,0.4062822082009155,1.0,600.2641288570438,51.16196340169893,1055.7310771871116,2.0,2.5013757293864467,60.0,39.534916935686994,46.62749704365813,1.0,119.14790400740826,0.1106885917471812,0.8893249228370684,1,USER_LOCAL_LAB,USER_LOCAL_LAB/DEFAULT,,,,,,CW_MAX_SURFACE_MM,,,,,,,,
1.075534977237202,46.572140977307726,2250.070456690425,2.0,3.0,60.0,9.0,2.0,538.5464457628783,373.68879830069073,74.24577338035705,0.0,59.295663114961606,163.30890440392602,0.3209959431792141,1.0,859.7105425726426,34.487301808652184,1069.0503665510237,2.0,6.100262015559186,13.0,21.04317019065294,40.54204160360848,1.0,50.08996658591643,0.0529759208808182,1.0294041715199038,1,USER_LOCAL_LAB,USER_LOCAL_LAB/DEFAULT,,,,,,CW_MAX_SURFACE_MM,,,,,,,,
0.5935313904404494,47.45713030825483,954.8237753945548,1.0,0.0,75.0,12.0,2.0,501.9508156116879,465.905261665088,4.811401184733111,1.0,22.796777222318244,204.04677564216084,0.3797105013403081,1.0,623.4882968029073,40.33919828274925,968.2392351354052,0.0,0.05375292268014,4.0,8.247490894435881,30.603207999362645,1.0,28.167296538172085,0.1452894203062742,0.7746978954271941,1,USER_LOCAL_LAB,USER_LOCAL_LAB/DEFAULT,,,,,,CW_MAX_SURFACE_MM,,,,,,,,
1.8871311734787084,69.98628562199409,2595.255452540117,0.0,3.0,55.0,8.0,1.0,664.925279466342,509.0612942106503,55.407263662141126,2.0,63.76089802290499,304.3606491430692,0.4834675345103352,0.0,712.4583420846753,41.24648249860316,1067.931975755678,1.0,6.061095643044022,61.0,24.67032111495037,33.30752371995396,0.0,132.07330131324974,0.1955354640420047,1.1172359301192738,0,USER_LOCAL_LAB,USER_LOCAL_LAB/DEFAULT,,,,,,CW_MAX_SURFACE_MM,,,,,,,,
1.4273057096560968,59.138369799223454,2406.7200388923925,0.0,3.0,60.0,9.0,3.0,406.33347425341,304.540135978591,62.670107277884654,0.0,5.083346194847715,176.6744243279204,0.4261664480729484,0.0,758.7865742813588,36.13147432558024,1037.3863685161214,2.0,2.9760657114198827,70.0,9.42973272433861,83.3575943812458,1.0,84.40853287418531,0.1521323239166544,1.3893936783061325,2,USER_LOCAL_LAB,USER_LOCAL_LAB/DEFAULT,,,,,,CW_MAX_SURFACE_MM,,,,,,,,
2.5744743578310327,33.44778839493158,1454.2535005824625,2.0,3.0,30.0,3.0,2.0,606.7215523017736,448.9284436714319,25.7191683425984,2.0,98.13871012530016,197.8966470553601,0.3355013164873935,1.0,740.2758136689001,47.756130033399664,1151.46007222279,1.0,3.664133755908998,67.0,31.303184609778768,99.10304324291856,0.0,86.11047354890974,0.0590961891537649,1.0874201410623765,1,USER_LOCAL_LAB,USER_LOCAL_LAB/DEFAULT,,,,,,CW_MAX_SURFACE_MM,,,,,,,,
2.5206286801607547,56.15298969217001,676.6034608474222,0.0,2.0,30.0,3.0,3.0,430.58192719644336,357.8201349217131,16.754838501494483,1.0,46.90050790126722,161.9423252924239,0.367771127121921,1.0,807.0186496214542,51.2833662350551,1017.778798231894,0.0,0.2971424479186988,72.0,22.768694911162225,33.14162257333936,1.0,141.54083629485496,0.1479218776438129,1.620208280028704,0,USER_LOCAL_LAB,USER_LOCAL_LAB/DEFAULT,,,,,,CW_MAX_SURFACE_MM,,,,,,,,
1.2928472320567883,66.6627064102346,1370.2712509942126,2.0,1.0,40.0,5.0,1.0,632.7860175424985,518.4721244759503,22.616916361476168,2.0,89.67553715906985,211.0790937779442,0.33832060193254,1.0,794.9672245529318,51.86437849638929,1243.1605995107377,1.0,6.37563812622707,73.0,30.320097893205027,82.36496713559248,1.0,86.18469546388613,0.0401531946106506,0.5334412104587533,1,USER_LOCAL_LAB,USER_LOCAL_LAB/DEFAULT,,,,,,CW_MAX_SURFACE_MM,,,,,,,,
2.8822484876743624,37.11703320326012,749.5971287134074,0.0,2.0,70.0,11.0,3.0,486.9661149106557,363.4161266404572,41.29692936760176,0.0,47.55611732329348,154.67686725569675,0.3049646263597145,0.0,917.1351219900998,38.48305364341402,1256.7899849034532,2.0,4.498819473537573,55.0,35.42766394074833,35.03035160886721,1.0,106.98051281705558,0.141364336171295,0.8897359051633249,1,USER_LOCAL_LAB,USER_LOCAL_LAB/DEFAULT,,,,,,CW_MAX_SURFACE_MM,,,,,,,,
1.2272945953502965,88.34209876519918,2265.095577770459,0.0,1.0,50.0,7.0,1.0,482.574842232416,452.69253330885454,11.617217916596571,1.0,6.033081857422173,224.1905602710536,0.4854920917008053,1.0,919.7918873207076,43.27125985719536,982.9442488683408,0.0,0.1092749955227273,47.0,27.0131806006972,71.44929774325668,1.0,108.42178035643106,0.1429258214460789,1.2390828738397093,2,USER_LOCAL_LAB,USER_LOCAL_LAB/DEFAULT,,,,,,CW_MAX_SURFACE_MM,,,,,,,,
1.7876428230792865,33.637330652557296,2040.200024894075,0.0,3.0,35.0,4.0,0.0,659.0415953662771,438.3852100224029,113.67837548755251,2.0,82.2213546093807,273.4624551885563,0.3896414656513743,0.0,745.9253849488307,36.21016009664129,985.4429755752304,2.0,7.394670392795874,78.0,26.43537652386136,82.92526976997665,1.0,60.131532728588944,0.0337478665074609,0.8229335709823472,1,USER_LOCAL_LAB,USER_LOCAL_LAB/DEFAULT,,,,,,CW_MAX_SURFACE_MM,,,,,,,,
1.139912726419007,94.73893083126434,340.69832714285974,1.0,2.0,65.0,10.0,0.0,542.8579607090529,399.0416250148122,48.59928737949807,0.0,64.81837296671344,196.2535435513758,0.3615070144841572,0.0,594.271671305911,36.11991253875364,988.057724576626,2.0,5.2896296923090205,32.0,31.40996034038709,55.14430780874164,0.0,107.99411294188826,0.1401163389015129,1.4685412640638138,2,USER_LOCAL_LAB,USER_LOCAL_LAB/DEFAULT,,,,,,CW_MAX_SURFACE_MM,,,,,,,,
2.8401089251224083,36.93791991059128,2635.2534382346003,1.0,1.0,70.0,11.0,2.0,649.7889782985977,469.4051908999485,97.07635230080987,2.0,78.17570475739451,283.88787821233893,0.4196954383115473,1.0,822.0235876287386,34.0313515712981,1154.457854582403,2.0,2.6037311595849832,9.0,34.48592505084336,30.765430477746463,1.0,104.907716013527,0.1020487116831911,0.5563846816313214,0,USER_LOCAL_LAB,USER_LOCAL_LAB/DEFAULT,,,,,,CW_MAX_SURFACE_MM,,,,,,,,
0.9115195439550454,89.0502466118427,313.04977644201125,2.0,2.0,75.0,12.0,1.0,672.4229839835692,481.4424086788584,116.9300547730616,1.0,42.81698635088733,214.05361831777432,0.3014628912586031,1.0,911.5990681579722,53.50047527018786,990.2497581891756,0.0,0.0611825851815517,68.0,35.41688251969509,71.66325464877981,1.0,81.17104018071119,0.0811481624677866,0.7610752735991592,1,USER_LOCAL_LAB,USER_LOCAL_LAB/DEFAULT,,,,,,CW_MAX_SURFACE_MM,,,,,,,,
0.6122765484808225,93.1857200749332,408.37262611851617,1.0,2.0,35.0,4.0,0.0,552.7568152132825,441.7344488298467,9.688233600328694,1.0,63.793674424664495,212.2509485614821,0.3556044213201628,1.0,674.5974995464474,52.1997207151395,1231.286164916988,0.0,0.0768528572707319,25.0,6.275056848900915,99.38712396980196,0.0,57.05543105518018,0.070300973954967,1.0824427701646275,2,USER_LOCAL_LAB,USER_LOCAL_LAB/DEFAULT,,,,,,CW_MAX_SURFACE_MM,,,,,,,,
1.5877426500075948,98.56994764106147,1000.230625233289,1.0,0.0,60.0,9.0,1.0,682.5637944579049,489.6055592961885,78.20033615219928,1.0,85.62290037966075,287.4587873225664,0.4406066931397785,1.0,726.0351989015265,49.43396783319231,1198.9095999295046,1.0,1.292345331529903,89.0,24.466660387922627,48.0332195986947,0.0,156.50370987872884,0.2089140764809869,1.415521087565374,1,USER_LOCAL_LAB,USER_LOCAL_LAB/DEFAULT,,,,,,CW_MAX_SURFACE_MM,,,,,,,,
2.9809389101395927,86.14181161915155,1887.475116969106,1.0,0.0,55.0,8.0,2.0,731.1788136335912,545.8542689982344,104.56909040894568,1.0,63.10654428718875,301.3939789728291,0.4267539546138525,0.0,712.9196929335642,42.94153803219322,1220.536923218548,1.0,4.709501679808397,38.0,12.5694258429143,43.26438940310511,0.0,256.78347804544376,0.0800474658843077,0.6371771344192587,0,USER_LOCAL_LAB,USER_LOCAL_LAB/DEFAULT,,,,,,CW_MAX_SURFACE_MM,,,,,,,,
2.7291931656372848,84.56342785399303,1077.485918098057,2.0,0.0,45.0,6.0,1.0,550.7607180848671,404.8180969752013,76.1081320760074,0.0,34.76736348359033,262.4601386565726,0.4963611895085071,1.0,578.5108956404946,42.2651978877968,1123.599973872387,1.0,1.929535408306584,77.0,35.11210617736242,38.67481249274604,1.0,230.7899293619793,0.1400422348353117,1.3784477499618035,0,USER_LOCAL_LAB,USER_LOCAL_LAB/DEFAULT,,,,,,CW_MAX_SURFACE_MM,,,,,,,,
2.371520048642373,74.97382931968833,2074.89351798324,1.0,0.0,40.0,5.0,3.0,567.4801621737946,428.64576297138274,51.483134562889525,2.0,66.25295943661999,231.52170217131209,0.4240715419316088,0.0,802.0151952404401,43.24364165456245,1278.9034798013206,2.0,2.7884983278680693,4.0,27.69391898211764,68.86789339300392,1.0,177.80193935513225,0.0941184767520089,0.896704820847429,1,USER_LOCAL_LAB,USER_LOCAL_LAB/DEFAULT,,,,,,CW_MAX_SURFACE_MM,,,,,,,,
1.2,55.0,1200.0,0.0,0.0,30.0,3.0,0.0,480.0,380.0,60.0,1.0,40.0,185.0,0.38,0.0,720.0,40.0,1100.0,0.0,0.0,28.0,20.0,60.0,0.0,66.0,0.08,1.2,1,10.1000/example-steel-2023,10.1000/example-steel-2023/T3,Table 3,,,表面裂缝测宽,100mm立方+梁,CW_MAX_SURFACE_MM,CD_UNSPECIFIED,1.0,0.9999999999999998,,,,,1.0
1.5,48.0,1150.0,0.0,0.0,30.0,3.0,0.0,500.0,400.0,50.0,1.0,35.0,190.0,0.4,0.0,700.0,38.0,1080.0,0.0,0.0,28.0,22.0,55.0,0.0,72.0,0.05,0.9,0,10.1000/example-steel-2023,10.1000/example-steel-2023/T4,Table 4,,,同上,同上,CW_MAX_SURFACE_MM,CD_UNSPECIFIED,1.0,0.9999999999999998,,,,,1.0
0.9,62.0,1180.0,0.0,0.0,30.0,3.0,0.0,460.0,360.0,80.0,1.0,45.0,188.0,0.39,0.0,730.0,42.0,1120.0,0.0,0.0,14.0,18.0,65.0,0.0,55.8,0.12,1.5,2,10.1000/example-mix-2024,10.1000/example-mix-2024/T2,Table 2,,,显微镜读数,150mm立方,CW_MAX_SURFACE_MM,CD_UNSPECIFIED,1.0,0.9999999999999998,,,,,1.0
